denied,JavaScript
priceline.com,aeropostale.com
thehill.com,bloomberg.com
harborfreight.com,spectrum.net
fox8.com,popeyes.com
sfgate.com,qualcomm.com
thekitchn.com,bk.com
alaskaair.com,jimmyjohns.com
ktla.com,docusign.net
vividseats.com,bbb.org
goodrx.com,grubhub.com
belk.com,crackerbarrel.com
hibbett.com,buildertrend.net
caranddriver.com,okcupid.com
ralphlauren.com,
wgntv.com,
totalwine.com,
sweetwater.com,
urbanoutfitters.com,
yeti.com,
loft.com,
fox2now.com,
zazzle.com,
weedmaps.com,
keloland.com,
apartmenttherapy.com,
therealreal.com,
dndbeyond.com,
fastpeoplesearch.com,
